Size,Mean,Median,Mode
4' x 4' Unit,24.0,24.0,24.0
6' x 6' Unit,49.0,49.0,49.0
4' x 5' Unit,72.0,72.0,72.0
4' x 12' Unit,103.0,103.0,103.0
5' x 5' Unit,104.05,100.5,88.0
4' x 6' Unit,133.5,133.5,63.0
5' x 10' Unit,145.6153846153846,131.5,99.0
8' x 12' Unit,168.33333333333334,174.0,115.0
5' x 20' Unit,198.0,198.0,198.0
6' x 14' Unit,223.0,223.0,223.0
5' x 16' Unit,241.0,241.0,241.0
10' x 10' Unit,271.0,286.0,162.0
6' x 9' Unit,278.0,278.0,278.0
