Size,Mean,Median,Mode
8' x 10' Unit,78.0,78.0,78.0
5' x 8' Unit,79.0,79.0,79.0
5' x 5' Unit,87.36363636363636,87.5,118.0
5' x 6' Unit,104.0,104.0,104.0
5' x 10' Unit,113.34615384615384,118.0,45.0
5' x 14' Unit,161.0,161.0,161.0
9' x 10' Unit,163.0,163.0,163.0
10' x 10' Unit,220.79166666666666,219.5,77.0
5' x 20' Unit,275.0,275.0,275.0
