Size,Mean,Median,Mode
5' x 12' Unit,60.0,60.0,60.0
8' x 10' Unit,62.0,62.0,62.0
5' x 5' Unit,84.41666666666667,80.0,80.0
5' x 6' Unit,94.0,94.0,94.0
5' x 10' Unit,116.21428571428571,113.5,112.0
5' x 20' Unit,198.0,198.0,198.0
10' x 10' Unit,233.95454545454547,238.0,85.0
